<ImportExportXml xmlns:xsi="http://www.w3.org/2001/XMLSchema-instance">
  <Entities>
    <Entity>
      <Name LocalizedName="Contact" OriginalName="">Contact</Name>
      <EntityInfo>
        <entity Name="Contact">
          <LocalizedNames>
            <LocalizedName description="Contact" languagecode="1033" />
          </LocalizedNames>
          <LocalizedCollectionNames>
            <LocalizedCollectionName description="Contacts" languagecode="1033" />
          </LocalizedCollectionNames>
          <Descriptions>
            <Description description="Person with whom a business unit has a relationship, such as customer, supplier, and colleague." languagecode="1033" />
          </Descriptions>
          <attributes>
            <attribute PhysicalName="new_Passwordhash">
              <Type>ntext</Type>
              <Name>new_passwordhash</Name>
              <LogicalName>new_passwordhash</LogicalName>
              <RequiredLevel>none</RequiredLevel>
              <DisplayMask>ValidForAdvancedFind|ValidForForm|ValidForGrid</DisplayMask>
              <ImeMode>auto</ImeMode>
              <ValidForUpdateApi>1</ValidForUpdateApi>
              <ValidForReadApi>1</ValidForReadApi>
              <ValidForCreateApi>1</ValidForCreateApi>
              <IsCustomField>1</IsCustomField>
              <IsAuditEnabled>1</IsAuditEnabled>
              <IsSecured>0</IsSecured>
              <IntroducedVersion>1.0</IntroducedVersion>
              <IsCustomizable>1</IsCustomizable>
              <IsRenameable>1</IsRenameable>
              <CanModifySearchSettings>1</CanModifySearchSettings>
              <CanModifyRequirementLevelSettings>1</CanModifyRequirementLevelSettings>
              <CanModifyAdditionalSettings>1</CanModifyAdditionalSettings>
              <SourceType>0</SourceType>
              <IsGlobalFilterEnabled>0</IsGlobalFilterEnabled>
              <IsSortableEnabled>0</IsSortableEnabled>
              <CanModifyGlobalFilterSettings>1</CanModifyGlobalFilterSettings>
              <CanModifyIsSortableSettings>1</CanModifyIsSortableSettings>
              <IsDataSourceSecret>0</IsDataSourceSecret>
              <AutoNumberFormat></AutoNumberFormat>
              <IsSearchable>0</IsSearchable>
              <IsFilterable>0</IsFilterable>
              <IsRetrievable>0</IsRetrievable>
              <IsLocalizable>0</IsLocalizable>
              <Format>text</Format>
              <MaxLength>2000</MaxLength>
              <displaynames>
                <displayname description="Password hash" languagecode="1033" />
              </displaynames>
              <Descriptions>
                <Description description="" languagecode="1033" />
              </Descriptions>
            </attribute>
          </attributes>
          <EntitySetName>contacts</EntitySetName>
          <IsDuplicateCheckSupported>1</IsDuplicateCheckSupported>
          <IsBusinessProcessEnabled>1</IsBusinessProcessEnabled>
          <IsRequiredOffline>0</IsRequiredOffline>
          <IsInteractionCentricEnabled>1</IsInteractionCentricEnabled>
          <IsCollaboration>0</IsCollaboration>
          <AutoRouteToOwnerQueue>0</AutoRouteToOwnerQueue>
          <IsConnectionsEnabled>1</IsConnectionsEnabled>
          <EntityColor>#005088</EntityColor>
          <IsDocumentManagementEnabled>0</IsDocumentManagementEnabled>
          <AutoCreateAccessTeams>0</AutoCreateAccessTeams>
          <IsOneNoteIntegrationEnabled>0</IsOneNoteIntegrationEnabled>
          <IsKnowledgeManagementEnabled>0</IsKnowledgeManagementEnabled>
          <IsSLAEnabled>0</IsSLAEnabled>
          <IsDocumentRecommendationsEnabled>0</IsDocumentRecommendationsEnabled>
          <IsBPFEntity>0</IsBPFEntity>
          <OwnershipTypeMask>UserOwned</OwnershipTypeMask>
          <EntityMask>ActivityPointer</EntityMask>
          <IsAuditEnabled>1</IsAuditEnabled>
          <IsRetrieveAuditEnabled>0</IsRetrieveAuditEnabled>
          <IsRetrieveMultipleAuditEnabled>0</IsRetrieveMultipleAuditEnabled>
          <IsActivity>0</IsActivity>
          <ActivityTypeMask></ActivityTypeMask>
          <IsActivityParty>1</IsActivityParty>
          <IsReplicated>1</IsReplicated>
          <IsReplicationUserFiltered>1</IsReplicationUserFiltered>
          <IsMailMergeEnabled>1</IsMailMergeEnabled>
          <IsVisibleInMobile>1</IsVisibleInMobile>
          <IsVisibleInMobileClient>1</IsVisibleInMobileClient>
          <IsReadOnlyInMobileClient>0</IsReadOnlyInMobileClient>
          <IsOfflineInMobileClient>1</IsOfflineInMobileClient>
          <DaysSinceRecordLastModified>10</DaysSinceRecordLastModified>
          <MobileOfflineFilters>
		&lt;fetch version="1.0" output-format="xml-platform" mapping="logical" distinct="false"&gt;
			&lt;entity name="contact"&gt;
				&lt;filter type="and"&gt;
					&lt;condition attribute="modifiedon" operator="last-x-days" value="10"/&gt;
				&lt;/filter&gt;
			&lt;/entity&gt;
		&lt;/fetch&gt;
	</MobileOfflineFilters>
          <IsMapiGridEnabled>1</IsMapiGridEnabled>
          <IsReadingPaneEnabled>1</IsReadingPaneEnabled>
          <IsQuickCreateEnabled>1</IsQuickCreateEnabled>
          <SyncToExternalSearchIndex>1</SyncToExternalSearchIndex>
          <IntroducedVersion>5.0.0.0</IntroducedVersion>
          <EnforceStateTransitions>0</EnforceStateTransitions>
          <EntityHelpUrlEnabled>0</EntityHelpUrlEnabled>
          <ChangeTrackingEnabled>1</ChangeTrackingEnabled>
          <IsEnabledForExternalChannels>1</IsEnabledForExternalChannels>
          <IsSolutionAware>0</IsSolutionAware>
          <HasRelatedNotes>True</HasRelatedNotes>
          <HasRelatedFeedback>True</HasRelatedFeedback>
          <HasRelatedActivities>True</HasRelatedActivities>
        </entity>
      </EntityInfo>
      <FormXml>
        <forms type="main">
          <systemform>
            <formid>{894cc46a-b0cb-4ab0-8bf6-200544e46a2d}</formid>
            <IntroducedVersion>5.0.0.0</IntroducedVersion>
            <FormPresentation>0</FormPresentation>
            <FormActivationState>1</FormActivationState>
            <form showImage="true" shownavigationbar="true" maxWidth="1920" solutionaction="Modified">
              <tabs>
                <tab name="tab_recordwall" id="{e94e6ac4-12db-bc8c-ec81-8b20c5987655}" IsUserDefined="0" locklevel="0" showlabel="true" expanded="false" labelid="{c8aa7423-7ffe-475b-9a6a-cea22eeb37ee}" ordinalvalue="0" solutionaction="Modified">
                  <columns>
                    <column width="100%" id="0">
                      <sections>
                        <section name="tab_recordwall_section_1" showlabel="false" showbar="false" locklevel="0" id="{ac0addcc-a626-6c98-40ee-b11edac36204}" IsUserDefined="0" layout="varwidth" columns="1" labelwidth="115" celllabelalignment="Left" celllabelposition="Left" labelid="{467fc66e-4af3-4dad-be2c-fd7056a49589}" ordinalvalue="0" solutionaction="Modified">
                          <rows>
                            <row>
                              <cell id="{be13b312-b6ac-83d7-34e1-e90dc1ecbec7}" showlabel="false" colspan="1" auto="false" rowspan="15" labelid="{2909be12-9554-4678-aa24-d076a7b97bee}" ordinalvalue="10000" solutionaction="Modified" />
                            </row>
                          </rows>
                        </section>
                      </sections>
                    </column>
                  </columns>
                </tab>
                <tab name="general" verticallayout="true" id="{9748ec98-3746-40cc-83bf-d15c7363166f}" IsUserDefined="0" ordinalvalue="1">
                  <columns>
                    <column width="100%" id="0">
                      <sections>
                        <section name="name" showlabel="false" showbar="false" id="{90b0776f-2977-4695-9cd4-73bb6c820f88}" IsUserDefined="0" ordinalvalue="0">
                          <rows>
                            <row>
                              <cell id="{90317617-38db-4734-aef8-4bb4e8cb9012}" ordinalvalue="10000">
                                <labels>
                                  <label description="Salutation" languagecode="1033" solutionaction="Added" />
                                </labels>
                              </cell>
                              <cell id="{f3eec8ff-7b5a-43af-92c4-1a41adaf4b50}" ordinalvalue="20001">
                                <labels>
                                  <label description="Business Phone" languagecode="1033" solutionaction="Added" />
                                </labels>
                              </cell>
                            </row>
                            <row>
                              <cell id="{478c8803-2686-4d10-8cf0-e6e5b3b6007f}" ordinalvalue="10002">
                                <labels>
                                  <label description="First Name" languagecode="1033" solutionaction="Added" />
                                </labels>
                              </cell>
                              <cell id="{0304f83d-bb05-4e72-bf12-c9bfa8a8e152}" ordinalvalue="20003">
                                <labels>
                                  <label description="Home Phone" languagecode="1033" solutionaction="Added" />
                                </labels>
                              </cell>
                            </row>
                            <row>
                              <cell id="{8097efd5-8af7-4944-b7a5-42ece196e23d}" ordinalvalue="10004">
                                <labels>
                                  <label description="Middle Name" languagecode="1033" solutionaction="Added" />
                                </labels>
                              </cell>
                              <cell id="{70d9cd8f-142b-4a88-bf82-4d2bc2972140}" ordinalvalue="20005">
                                <labels>
                                  <label description="Mobile Phone" languagecode="1033" solutionaction="Added" />
                                </labels>
                              </cell>
                            </row>
                            <row>
                              <cell id="{4fde05d9-89b1-4acf-a98f-13159f1bdcc8}" ordinalvalue="10006">
                                <labels>
                                  <label description="Last Name" languagecode="1033" solutionaction="Added" />
                                </labels>
                              </cell>
                              <cell id="{068c2954-dfdf-4d68-a9da-f70e3feb3e63}" ordinalvalue="20007">
                                <labels>
                                  <label description="Fax" languagecode="1033" solutionaction="Added" />
                                </labels>
                              </cell>
                            </row>
                            <row>
                              <cell id="{921eaba2-6044-405e-8354-c3c5dbe3e97f}" ordinalvalue="10012" solutionaction="Modified">
                                <labels>
                                  <label description="Job Title" languagecode="1033" solutionaction="Added" />
                                </labels>
                              </cell>
                              <cell id="{38d7b950-436b-412f-a71b-ae4187e60c14}" ordinalvalue="20009">
                                <labels>
                                  <label description="Email" languagecode="1033" solutionaction="Added" />
                                </labels>
                              </cell>
                            </row>
                            <row>
                              <cell auto="false" showlabel="true" locklevel="0" rowspan="1" colspan="1" id="{1afed90e-5ba2-4868-b33f-e4ffe086596b}" ordinalvalue="10014" solutionaction="Modified">
                                <labels>
                                  <label description="Company Name" languagecode="1033" solutionaction="Added" />
                                </labels>
                                <control id="parentcustomerid" classid="{270BD3DB-D9AF-4782-9025-509E298DEC0A}" datafieldname="parentcustomerid" disabled="false" uniqueid="{128e9429-88d7-1622-3331-6da31a9a3ba0}" solutionaction="Modified" />
                              </cell>
                              <cell id="{bbe0ad95-9a47-4fff-92db-8165face5f49}" showlabel="false" ordinalvalue="20011" solutionaction="Modified" />
                            </row>
                            <row>
                              <cell id="{cca3c7d5-48ec-b3dc-3d77-e809c1adab5c}" showlabel="true" locklevel="0" ordinalvalue="10008" solutionaction="Added">
                                <labels>
                                  <label description="Employee" languagecode="1033" />
                                </labels>
                                <control id="employeeid" classid="{4273EDBD-AC1D-40d3-9FB2-095C621B552D}" datafieldname="employeeid" disabled="false" />
                              </cell>
                            </row>
                            <row>
                              <cell id="{48863dba-29da-c640-cb2a-9ea4ea96532e}" showlabel="true" locklevel="0" ordinalvalue="10010" solutionaction="Added">
                                <labels>
                                  <label description="Password hash" languagecode="1033" />
                                </labels>
                                <control id="new_passwordhash" classid="{E0DECE4B-6FC8-4a8f-A065-082708572369}" datafieldname="new_passwordhash" disabled="false" />
                              </cell>
                            </row>
                            <row>
                              <cell id="{1e83a12d-a3e1-e7da-d502-dcc98cb0d029}" showlabel="false" ordinalvalue="20013" solutionaction="Added">
                                <labels>
                                  <label description="" languagecode="1033" />
                                </labels>
                              </cell>
                            </row>
                            <row>
                              <cell id="{b7edd690-1777-db66-cd82-88e345bd74a7}" showlabel="false" ordinalvalue="20015" solutionaction="Added">
                                <labels>
                                  <label description="" languagecode="1033" />
                                </labels>
                              </cell>
                            </row>
                          </rows>
                        </section>
                        <section name="description" showlabel="true" showbar="true" id="{e165b345-b7ce-4c73-a508-0f42cbf6dd53}" IsUserDefined="0" height="auto" ordinalvalue="3">
                          <rows>
                            <row>
                              <cell colspan="2" showlabel="false" rowspan="5" auto="true" id="{c0a08372-d225-411f-87e4-14554329507a}" ordinalvalue="10000">
                                <labels>
                                  <label description="Description" languagecode="1033" solutionaction="Added" />
                                </labels>
                              </cell>
                            </row>
                          </rows>
                        </section>
                      </sections>
                    </column>
                  </columns>
                </tab>
                <tab name="details" id="{cafbf41a-42bf-4665-8562-1e37017eba69}" IsUserDefined="0" ordinalvalue="2">
                  <columns>
                    <column width="100%" id="0">
                      <sections>
                        <section name="professional information" showlabel="true" showbar="true" id="{a778d498-3bf2-4c33-85e2-7730d8ae126b}" IsUserDefined="0" ordinalvalue="0">
                          <rows>
                            <row>
                              <cell id="{c21cf98d-7d3a-4e4c-815c-5fd6de4b89d7}" ordinalvalue="10000">
                                <labels>
                                  <label description="Department" languagecode="1033" solutionaction="Added" />
                                </labels>
                              </cell>
                              <cell id="{c545928a-8081-4b80-a21e-8a3c405dd0b0}" ordinalvalue="20001">
                                <labels>
                                  <label description="Role" languagecode="1033" solutionaction="Added" />
                                </labels>
                              </cell>
                            </row>
                            <row>
                              <cell id="{452ca48e-8c7b-4a96-81f7-387d0c9b033c}" ordinalvalue="10002">
                                <labels>
                                  <label description="Manager" languagecode="1033" solutionaction="Added" />
                                </labels>
                              </cell>
                              <cell id="{80128d81-f664-47c0-b348-d176679224b9}" ordinalvalue="20003">
                                <labels>
                                  <label description="Assistant" languagecode="1033" solutionaction="Added" />
                                </labels>
                              </cell>
                            </row>
                            <row>
                              <cell id="{d336a999-cdf1-4109-bcbe-db27ec0b7e72}" ordinalvalue="10004">
                                <labels>
                                  <label description="Manager Phone" languagecode="1033" solutionaction="Added" />
                                </labels>
                              </cell>
                              <cell id="{cb2ae5b6-2919-439e-ab41-327d880272a8}" ordinalvalue="20005">
                                <labels>
                                  <label description="Assistant Phone" languagecode="1033" solutionaction="Added" />
                                </labels>
                              </cell>
                            </row>
                          </rows>
                        </section>
                        <section name="personal information" showlabel="true" showbar="true" id="{518cc50e-1350-4b4b-a056-fc3c0e7d36d7}" IsUserDefined="0" ordinalvalue="1">
                          <rows>
                            <row>
                              <cell id="{9748b178-14ab-49af-8985-c02de8892720}" ordinalvalue="10000">
                                <labels>
                                  <label description="Gender" languagecode="1033" solutionaction="Added" />
                                </labels>
                              </cell>
                              <cell id="{b2adc634-723e-4e87-b8f1-b62e3cf1fad1}" ordinalvalue="20001">
                                <labels>
                                  <label description="Birthday" languagecode="1033" solutionaction="Added" />
                                </labels>
                              </cell>
                            </row>
                            <row>
                              <cell id="{acac3dbc-a956-459f-9dba-8c3f5ce3777a}" ordinalvalue="10002">
                                <labels>
                                  <label description="Marital Status" languagecode="1033" solutionaction="Added" />
                                </labels>
                              </cell>
                              <cell id="{4435fdd5-a586-436e-882c-58b516484ae1}" ordinalvalue="20003">
                                <labels>
                                  <label description="Anniversary" languagecode="1033" solutionaction="Added" />
                                </labels>
                              </cell>
                            </row>
                            <row>
                              <cell id="{4bd24018-9343-41e8-b119-66c87186ef1c}" ordinalvalue="10004">
                                <labels>
                                  <label description="Spouse/Partner Name" languagecode="1033" solutionaction="Added" />
                                </labels>
                              </cell>
                              <cell id="{4fbd33df-9d2c-4df4-a9e5-9d7219087f75}" showlabel="false" ordinalvalue="20005" solutionaction="Modified" />
                            </row>
                          </rows>
                        </section>
                      </sections>
                    </column>
                  </columns>
                </tab>
                <tab name="notes and activities" id="{A6C643C6-E98F-4738-812F-0B7F7FFC80F7}" IsUserDefined="0" expanded="false" ordinalvalue="3">
                  <columns>
                    <column width="100%" id="0">
                      <sections>
                        <section name="activities" showlabel="true" showbar="true" id="{f5e95813-3c0a-4385-b2a8-5d88c9edfaf9}" IsUserDefined="0" height="auto" ordinalvalue="0">
                          <rows />
                        </section>
                      </sections>
                    </column>
                  </columns>
                </tab>
                <tab name="administration" id="{0dd7233e-247b-4eef-a71b-0185da6d16ad}" IsUserDefined="0" ordinalvalue="4">
                  <columns>
                    <column width="100%" id="0">
                      <sections>
                        <section name="internal information" showlabel="false" showbar="false" id="{c3e86ffb-2b8b-4c56-877f-67bdaa5a7363}" IsUserDefined="0" ordinalvalue="0">
                          <rows>
                            <row>
                              <cell id="{2329843a-6ab4-4431-8a2b-101f3272e104}" ordinalvalue="10000">
                                <labels>
                                  <label description="Owner" languagecode="1033" solutionaction="Added" />
                                </labels>
                              </cell>
                              <cell id="{f2399ce4-c0a8-4763-9cb0-e5b1bc678016}" showlabel="false" ordinalvalue="20001" solutionaction="Modified" />
                            </row>
                          </rows>
                        </section>
                        <section name="billing information" showlabel="true" showbar="true" id="{0738bc1c-9226-486d-9258-9b6fc75cbaa7}" IsUserDefined="0" ordinalvalue="1">
                          <rows>
                            <row>
                              <cell id="{d9a0c6e4-2016-48cd-b0c1-a6a03e9d47c6}" ordinalvalue="10000">
                                <labels>
                                  <label description="Currency" languagecode="1033" solutionaction="Added" />
                                </labels>
                              </cell>
                              <cell id="{cf9708ff-df37-4fda-86c3-79896dbeaa2c}" ordinalvalue="20001">
                                <labels>
                                  <label description="Payment Terms" languagecode="1033" solutionaction="Added" />
                                </labels>
                              </cell>
                            </row>
                            <row>
                              <cell id="{200a7ca9-4a7e-4462-8f22-9a13ce27bd46}" ordinalvalue="10002">
                                <labels>
                                  <label description="Credit Limit" languagecode="1033" solutionaction="Added" />
                                </labels>
                              </cell>
                              <cell id="{86ed48db-8fdc-4880-aa78-1532af6060ee}" ordinalvalue="20003">
                                <labels>
                                  <label description="Credit Hold" languagecode="1033" solutionaction="Added" />
                                </labels>
                              </cell>
                            </row>
                            <row>
                              <cell id="{cefb2966-525d-46c3-a248-764db1148978}" ordinalvalue="10004" solutionaction="Removed" />
                            </row>
                          </rows>
                        </section>
                        <section name="contact methods" showlabel="true" showbar="true" id="{fa46a68d-a6b2-4cc1-9d00-4abd1d46c8f4}" IsUserDefined="0" ordinalvalue="2">
                          <rows>
                            <row>
                              <cell id="{9a8793a2-15ba-4963-aee6-901bce1466dc}" showlabel="false" ordinalvalue="20005" solutionaction="Modified" />
                            </row>
                            <row>
                              <cell id="{07196ff5-08d4-4ed2-84a0-1630a841bec3}" showlabel="false" ordinalvalue="20007" solutionaction="Modified" />
                            </row>
                          </rows>
                        </section>
                      </sections>
                    </column>
                  </columns>
                </tab>
                <tab id="{fa9b0106-b504-4a58-9296-2a32ac0784cb}" name="conflictstab" group="solutionconflictstab" ordinalvalue="5">
                  <columns>
                    <column width="100%" id="0">
                      <sections>
                        <section id="{92b71b6d-b26c-4281-8efe-692239ac43c3}" name="conflictssection" group="solutionconflictssection" ordinalvalue="0">
                          <rows>
                            <row>
                              <cell id="{bc9c8be1-08bc-47ad-8868-1e212574acbd}" ordinalvalue="10000">
                                <labels>
                                  <label description="Price List" languagecode="1033" solutionaction="Added" />
                                </labels>
                              </cell>
                            </row>
                          </rows>
                        </section>
                        <section name="marketing information" showlabel="true" showbar="true" locklevel="0" id="{137f7111-6a68-49ec-bf7e-608e65cb9c45}" IsUserDefined="0" layout="varheight" columns="11" ordinalvalue="1">
                          <rows>
                            <row>
                              <cell id="{5aa3e6b4-439c-4220-84f6-34165bbc5899}" ordinalvalue="10000">
                                <labels>
                                  <label description="Originating Lead" languagecode="1033" solutionaction="Added" />
                                </labels>
                              </cell>
                              <cell auto="false" showlabel="true" locklevel="0" rowspan="1" colspan="1" id="{af160f54-cea1-45fb-bcc2-1d177d9c6fe9}" ordinalvalue="20001">
                                <labels>
                                  <label description="Last Date Included in Campaign" languagecode="1033" solutionaction="Added" />
                                </labels>
                              </cell>
                            </row>
                            <row>
                              <cell auto="false" showlabel="true" locklevel="0" rowspan="1" colspan="1" id="{8615167e-21fe-4aa0-9eb2-5f69e6e4408a}" ordinalvalue="10002">
                                <labels>
                                  <label description="Send Marketing Materials" languagecode="1033" solutionaction="Added" />
                                </labels>
                              </cell>
                              <cell id="{3a8532a5-05f8-40ef-b4c6-949661bd120f}" showlabel="false" ordinalvalue="20003" solutionaction="Modified" />
                            </row>
                          </rows>
                        </section>
                        <section name="service preferences" showlabel="true" showbar="true" id="{12ea1501-295d-423d-acf9-5a1257746c83}" IsUserDefined="0" ordinalvalue="2">
                          <rows>
                            <row>
                              <cell id="{150fe3ca-65fc-4c67-9797-80bd66a9b3bc}" ordinalvalue="10000">
                                <labels>
                                  <label description="Preferred Day" languagecode="1033" solutionaction="Added" />
                                </labels>
                              </cell>
                              <cell id="{21d5ede7-b984-4a16-8464-831dbc83ea15}" ordinalvalue="20001">
                                <labels>
                                  <label description="Preferred Facility/Equipment" languagecode="1033" solutionaction="Added" />
                                </labels>
                              </cell>
                            </row>
                            <row>
                              <cell id="{93aa5433-f813-45a0-8e60-88c4940f0d99}" ordinalvalue="10002">
                                <labels>
                                  <label description="Preferred Time" languagecode="1033" solutionaction="Added" />
                                </labels>
                              </cell>
                              <cell id="{e7c37018-e855-4745-9e6b-1ad431651ca0}" ordinalvalue="20003">
                                <labels>
                                  <label description="Preferred User" languagecode="1033" solutionaction="Added" />
                                </labels>
                              </cell>
                            </row>
                            <row>
                              <cell id="{48e78793-a270-4cea-b252-525d3fc20923}" ordinalvalue="10004">
                                <labels>
                                  <label description="Preferred Service" languagecode="1033" solutionaction="Added" />
                                </labels>
                              </cell>
                              <cell id="{f4d7f7f1-3f02-4980-84b8-149525f2f00a}" showlabel="false" ordinalvalue="20005" solutionaction="Modified" />
                            </row>
                          </rows>
                        </section>
                      </sections>
                    </column>
                  </columns>
                </tab>
              </tabs>
              <header id="{59314f22-396d-45d8-baef-75b09c8dd512}" celllabelposition="Top">
                <rows>
                  <row>
                    <cell id="{b0074c9c-4bdb-9521-0b2a-468199980643}" ordinalvalue="10000">
                      <labels>
                        <label description="Email" languagecode="1033" solutionaction="Added" />
                      </labels>
                    </cell>
                    <cell id="{9c4cd12a-3da3-d3cc-b902-6ee03bd43729}" ordinalvalue="20001">
                      <labels>
                        <label description="Preferred Method of Contact" languagecode="1033" solutionaction="Added" />
                      </labels>
                    </cell>
                    <cell id="{6eb10c6b-c25e-a2ea-b4c1-b3d4a075d081}" ordinalvalue="30002">
                      <labels>
                        <label description="Owner" languagecode="1033" solutionaction="Added" />
                      </labels>
                    </cell>
                  </row>
                </rows>
              </header>
              <Navigation>
                <NavBar>
                  <NavBarByRelationshipItem RelationshipName="Contact_CustomerAddress" Id="navAddresses" TitleResourceId="Tab_Label_MoreAddresses" Sequence="10" Area="Info" solutionaction="Modified">
                    <Titles solutionaction="Added">
                      <Title LCID="1033" Text="More Addresses" />
                    </Titles>
                  </NavBarByRelationshipItem>
                  <NavBarByRelationshipItem RelationshipName="contact_customer_contacts" Id="navSubConts" TitleResourceId="Tab_Label_SubContacts" Sequence="40" Area="Info" solutionaction="Modified">
                    <Titles solutionaction="Added">
                      <Title LCID="1033" Text="Sub-Contacts" />
                    </Titles>
                  </NavBarByRelationshipItem>
                  <NavBarByRelationshipItem RelationshipName="Contact_ActivityPointers" Id="navActivities" Icon="/_imgs/ico_18_act.gif" Sequence="20" Area="Info" solutionaction="Modified">
                    <Titles solutionaction="Added">
                      <Title LCID="1033" Text="Activities" />
                    </Titles>
                  </NavBarByRelationshipItem>
                  <NavBarByRelationshipItem RelationshipName="Contact_ActivityPointers" Id="navActivityHistory" TitleResourceId="Tab_Label_History" Icon="/_imgs/ico_18_history.gif" ViewId="21E2B905-6FDB-470d-8517-AD69B4C01268" Sequence="20" Area="Info" solutionaction="Modified">
                    <Titles solutionaction="Added">
                      <Title LCID="1033" Text="Closed Activities" />
                    </Titles>
                  </NavBarByRelationshipItem>
                  <NavBarByRelationshipItem RelationshipName="contact_customer_relationship_customer" Id="navRelationships" TitleResourceId="Left_Nav_Area_Relationships" Sequence="50" Area="Info" solutionaction="Modified">
                    <Titles solutionaction="Added">
                      <Title LCID="1033" Text="Relationships" />
                    </Titles>
                  </NavBarByRelationshipItem>
                </NavBar>
                <NavBarAreas solutionaction="Added">
                  <NavBarArea Id="Info">
                    <Titles>
                      <Title LCID="1033" Text="Common" />
                    </Titles>
                  </NavBarArea>
                  <NavBarArea Id="Sales">
                    <Titles>
                      <Title LCID="1033" Text="Sales" />
                    </Titles>
                  </NavBarArea>
                  <NavBarArea Id="Service">
                    <Titles>
                      <Title LCID="1033" Text="Service" />
                    </Titles>
                  </NavBarArea>
                  <NavBarArea Id="Marketing">
                    <Titles>
                      <Title LCID="1033" Text="Marketing" />
                    </Titles>
                  </NavBarArea>
                  <NavBarArea Id="ProcessCenter">
                    <Titles>
                      <Title LCID="1033" Text="Process Sessions" />
                    </Titles>
                  </NavBarArea>
                </NavBarAreas>
              </Navigation>
              <formLibraries>
                <Library name="new_test_Contact.js" libraryUniqueId="{bb2db09d-b788-4330-5edc-7d962c407de8}" solutionaction="Added" />
              </formLibraries>
              <events solutionaction="Added">
                <event name="onload" application="false" active="false">
                  <Handlers>
                    <Handler functionName="onFormLoad" libraryName="new_test_Contact.js" handlerUniqueId="{d5b3bcc9-4ec2-63a1-e259-78dd872aa993}" enabled="true" parameters="" passExecutionContext="true" ordinalvalue="0" />
                  </Handlers>
                </event>
              </events>
            </form>
            <LocalizedNames>
              <LocalizedName description="Information" languagecode="1033" />
            </LocalizedNames>
            <Descriptions>
              <Description description="A form for this entity." languagecode="1033" />
            </Descriptions>
          </systemform>
          <systemform>
            <formid>{1fed44d1-ae68-4a41-bd2b-f13acac4acfa}</formid>
            <IntroducedVersion>5.0.0.0</IntroducedVersion>
            <FormPresentation>1</FormPresentation>
            <FormActivationState>1</FormActivationState>
            <form showImage="true">
              <tabs>
                <tab name="SUMMARY_TAB" id="{15bb2d4b-71da-74ea-3c5b-e497d78a55a2}" IsUserDefined="0" showlabel="true" expanded="true" ordinalvalue="0">
                  <columns>
                    <column width="33%" id="0">
                      <sections>
                        <section name="CONTACT_INFORMATION" showlabel="true" showbar="false" id="{9d943649-0387-1882-caa1-36de40d5a86c}" IsUserDefined="0" layout="varwidth" columns="1" labelwidth="115" celllabelposition="Left" ordinalvalue="0">
                          <rows>
                            <row>
                              <cell id="{542e581d-cca1-5e40-e6d9-d67a9d1468b4}" showlabel="true" locklevel="0" ordinalvalue="10000">
                                <labels>
                                  <label description="Full Name" languagecode="1033" solutionaction="Added" />
                                </labels>
                              </cell>
                            </row>
                            <row>
                              <cell id="{07326cde-7529-ddc0-e421-c0bcddd07b8a}" showlabel="true" ordinalvalue="10002" solutionaction="Modified">
                                <labels>
                                  <label description="Job Title" languagecode="1033" solutionaction="Added" />
                                </labels>
                              </cell>
                            </row>
                            <row>
                              <cell id="{a54c19c9-4722-ce25-60c5-2bb9452680d2}" showlabel="true" locklevel="0" ordinalvalue="10003" solutionaction="Modified" />
                            </row>
                            <row>
                              <cell id="{7d538a97-98eb-b438-72de-57a808b9a308}" showlabel="true" ordinalvalue="10004" solutionaction="Modified">
                                <labels>
                                  <label description="Email" languagecode="1033" solutionaction="Added" />
                                </labels>
                              </cell>
                            </row>
                            <row>
                              <cell id="{215da2d0-2b64-3481-8d2d-16107d4d7e5b}" showlabel="true" ordinalvalue="10005" solutionaction="Modified">
                                <labels>
                                  <label description="Business Phone" languagecode="1033" solutionaction="Added" />
                                </labels>
                              </cell>
                            </row>
                            <row>
                              <cell id="{290b48ba-c0cc-7746-6dda-93e240e4cc78}" showlabel="true" ordinalvalue="10006" solutionaction="Modified">
                                <labels>
                                  <label description="Mobile Phone" languagecode="1033" solutionaction="Added" />
                                </labels>
                              </cell>
                            </row>
                            <row>
                              <cell id="{1b54cdb3-1582-c29e-cc9e-9d4bc2a5700b}" showlabel="true" ordinalvalue="10007" solutionaction="Modified">
                                <labels>
                                  <label description="Fax" languagecode="1033" solutionaction="Added" />
                                </labels>
                              </cell>
                            </row>
                            <row>
                              <cell id="{408dda0b-48a7-c05c-e29a-56a93eb97172}" showlabel="true" ordinalvalue="10008" solutionaction="Modified">
                                <labels>
                                  <label description="Preferred Method of Contact" languagecode="1033" solutionaction="Added" />
                                </labels>
                              </cell>
                            </row>
                            <row>
                              <cell id="{133d09d6-c374-954a-315b-435e1eeb722c}" showlabel="true" locklevel="0" visible="false" ordinalvalue="10009" solutionaction="Modified" />
                            </row>
                            <row>
                              <cell id="{28ad7726-31d2-c923-0c6a-48ed5d9ce0cb}" showlabel="true" locklevel="0" ordinalvalue="10001" solutionaction="Added">
                                <labels>
                                  <label description="Password hash" languagecode="1033" />
                                </labels>
                                <control id="new_passwordhash" classid="{E0DECE4B-6FC8-4a8f-A065-082708572369}" datafieldname="new_passwordhash" disabled="false" />
                              </cell>
                            </row>
                          </rows>
                        </section>
                        <section name="MapSection" showlabel="false" showbar="false" id="{e0109668-cb5b-4b6c-8ca6-9d0c4b24f385}" IsUserDefined="0" layout="varwidth" columns="1" labelwidth="115" celllabelposition="Left" ordinalvalue="2">
                          <rows>
                            <row>
                              <cell id="{3018bbbc-7ea1-b540-e2e2-4a5e489c08d9}" showlabel="true" locklevel="0" ordinalvalue="10001">
                                <labels>
                                  <label description="Facebook" languagecode="1033" solutionaction="Added" />
                                </labels>
                              </cell>
                            </row>
                            <row>
                              <cell id="{6e9ea451-ebe3-71a3-a237-1a501c62c5d3}" showlabel="true" locklevel="0" ordinalvalue="10002">
                                <labels>
                                  <label description="Twitter" languagecode="1033" solutionaction="Added" />
                                </labels>
                              </cell>
                            </row>
                          </rows>
                        </section>
                        <section name="BusinessCard" showlabel="true" locklevel="0" id="{d6928560-988d-56e4-55b6-99aa3c898561}" IsUserDefined="0" layout="varwidth" columns="1" labelwidth="115" celllabelalignment="Left" celllabelposition="Left" visible="false" ordinalvalue="3">
                          <rows>
                            <row>
                              <cell id="{4acc2393-dcac-6588-9258-3d228b26430a}" showlabel="false" locklevel="0" ordinalvalue="10000">
                                <labels>
                                  <label description="Business Card" languagecode="1033" solutionaction="Added" />
                                </labels>
                              </cell>
                            </row>
                          </rows>
                        </section>
                      </sections>
                    </column>
                    <column width="25%" id="2">
                      <sections>
                        <section name="CUSTOMER_DETAILS_TAB" showlabel="false" showbar="false" id="{0ed6b616-7ef0-4ffe-9a77-610beef03f9c}" IsUserDefined="0" layout="varwidth" columns="1" labelwidth="115" celllabelposition="Top" ordinalvalue="2">
                          <rows>
                            <row>
                              <cell id="{309AA48F-B748-4C9E-A0A8-F8A93BE633E5}" colspan="1" showlabel="false" ordinalvalue="10001">
                                <labels>
                                  <label description="Company Name" languagecode="1033" solutionaction="Added" />
                                </labels>
                              </cell>
                            </row>
                          </rows>
                        </section>
                      </sections>
                    </column>
                  </columns>
                </tab>
                <tab name="DETAILS_TAB" id="{fe1c5c3b-d556-4552-a444-4781214a6d63}" IsUserDefined="0" expanded="true" showlabel="true" ordinalvalue="1">
                  <columns>
                    <column width="34%" id="0">
                      <sections>
                        <section name="PERSONAL INFORMATION" showlabel="true" showbar="false" id="{0F64B9A3-01F2-4411-B0B5-6C6C39D7B011}" IsUserDefined="0" columns="1" labelwidth="125" celllabelposition="Left" locklevel="0" celllabelalignment="Left" ordinalvalue="0">
                          <rows>
                            <row>
                              <cell id="{cb391eb8-02ec-0ee6-9d92-6996d4311809}" showlabel="true" ordinalvalue="10000">
                                <labels>
                                  <label description="Gender" languagecode="1033" solutionaction="Added" />
                                </labels>
                              </cell>
                            </row>
                            <row>
                              <cell id="{2d8cee50-7123-01e7-c2cc-0068c0ecc4c0}" showlabel="true" ordinalvalue="10001">
                                <labels>
                                  <label description="Marital Status" languagecode="1033" solutionaction="Added" />
                                </labels>
                              </cell>
                            </row>
                            <row>
                              <cell id="{450c5a59-c7de-1289-0934-9a04bc4e1c72}" showlabel="true" ordinalvalue="10002">
                                <labels>
                                  <label description="Spouse/Partner Name" languagecode="1033" solutionaction="Added" />
                                </labels>
                              </cell>
                            </row>
                            <row>
                              <cell id="{bac50a31-27a0-c7e2-3ab3-5d6aa8895c6e}" showlabel="true" ordinalvalue="10003">
                                <labels>
                                  <label description="Birthday" languagecode="1033" solutionaction="Added" />
                                </labels>
                              </cell>
                            </row>
                            <row>
                              <cell id="{cd169cd0-cc76-0830-147d-399bdb1156d9}" showlabel="true" locklevel="0" ordinalvalue="10004">
                                <labels>
                                  <label description="Current Profile" languagecode="1033" solutionaction="Added" />
                                </labels>
                              </cell>
                            </row>
                            <row>
                              <cell id="{ba714204-2499-db47-78e0-d8795307301d}" showlabel="true" ordinalvalue="10005">
                                <labels>
                                  <label description="Anniversary" languagecode="1033" solutionaction="Added" />
                                </labels>
                              </cell>
                            </row>
                          </rows>
                        </section>
                        <section name="PERSONAL_NOTES_SECTION" showlabel="true" showbar="false" locklevel="0" id="{9435d60e-c5ac-2462-a159-414573dc2e45}" IsUserDefined="0" layout="varwidth" columns="1" labelwidth="115" celllabelalignment="Left" celllabelposition="Top" ordinalvalue="1">
                          <rows>
                            <row>
                              <cell id="{d0c6aad7-7064-924e-b0e0-718dc557ccee}" showlabel="false" locklevel="0" rowspan="5" ordinalvalue="10000">
                                <labels>
                                  <label description="Description" languagecode="1033" solutionaction="Added" />
                                </labels>
                              </cell>
                            </row>
                          </rows>
                        </section>
                      </sections>
                    </column>
                    <column width="33%" id="1">
                      <sections>
                        <section name="marketing information" showlabel="true" showbar="false" locklevel="0" id="{a188d8ee-35d1-4f22-acf7-9588059a3f08}" IsUserDefined="0" layout="varheight" columns="1" labelwidth="115" celllabelposition="Left" ordinalvalue="0">
                          <rows>
                            <row>
                              <cell id="{aa4adcc8-47a8-4e93-865c-72d2c903c96e}" ordinalvalue="10000">
                                <labels>
                                  <label description="Originating Lead" languagecode="1033" solutionaction="Added" />
                                </labels>
                              </cell>
                            </row>
                          </rows>
                        </section>
                      </sections>
                    </column>
                    <column width="33%" id="2">
                      <sections>
                        <section name="billing information" showlabel="true" showbar="false" id="{4565ac06-d780-4467-9baa-d03d6af45ae7}" IsUserDefined="0" columns="1" labelwidth="115" celllabelposition="Left" ordinalvalue="0">
                          <rows>
                            <row>
                              <cell id="{4e7b2783-1a45-4a13-bfd6-e12915e74161}" ordinalvalue="10000">
                                <labels>
                                  <label description="Currency" languagecode="1033" solutionaction="Added" />
                                </labels>
                              </cell>
                            </row>
                            <row>
                              <cell id="{6b03860a-a677-48f1-bfdc-a04faf8b151c}" ordinalvalue="10001">
                                <labels>
                                  <label description="Credit Limit" languagecode="1033" solutionaction="Added" />
                                </labels>
                              </cell>
                            </row>
                            <row>
                              <cell id="{64e56163-0a77-46c9-9872-50b94d661d96}" ordinalvalue="10002">
                                <labels>
                                  <label description="Credit Hold" languagecode="1033" solutionaction="Added" />
                                </labels>
                              </cell>
                            </row>
                            <row>
                              <cell id="{9980090e-c75b-4bc9-834f-63ba6e3a93f2}" ordinalvalue="10003">
                                <labels>
                                  <label description="Payment Terms" languagecode="1033" solutionaction="Added" />
                                </labels>
                              </cell>
                            </row>
                          </rows>
                        </section>
                      </sections>
                    </column>
                  </columns>
                </tab>
                <tab name="urstab" id="{652516c4-a4ec-4153-7887-62b9e1843a29}" IsUserDefined="0" locklevel="0" showlabel="true" expanded="false" ordinalvalue="2">
                  <columns>
                    <column width="33%" id="1">
                      <sections>
                        <section name="tab_3_section_2" showlabel="false" showbar="false" locklevel="0" id="{b98eb619-e949-52bd-cb5c-6388b192a521}" IsUserDefined="0" layout="varwidth" columns="1" labelwidth="115" ordinalvalue="0">
                          <rows>
                            <row>
                              <cell id="{5519f15d-74d3-4163-98ff-2945d1acba3b}" ordinalvalue="10000" solutionaction="Added">
                                <labels>
                                  <label description="" languagecode="1033" />
                                </labels>
                              </cell>
                            </row>
                          </rows>
                        </section>
                      </sections>
                    </column>
                    <column width="33%" id="2">
                      <sections>
                        <section name="tab_3_section_3" showlabel="false" showbar="false" locklevel="0" id="{b010ac97-5133-cbca-ca7b-04e981a1db9a}" IsUserDefined="0" layout="varwidth" columns="1" labelwidth="115" ordinalvalue="0">
                          <rows>
                            <row>
                              <cell id="{f46abcfd-0fcb-406c-b078-7188738c71b8}" ordinalvalue="10000" solutionaction="Added">
                                <labels>
                                  <label description="" languagecode="1033" />
                                </labels>
                              </cell>
                            </row>
                          </rows>
                        </section>
                      </sections>
                    </column>
                  </columns>
                </tab>
              </tabs>
              <header id="{3ff9aa06-4e43-41ce-afa9-22a038af5c19}" celllabelposition="Top" columns="1" labelwidth="115">
                <rows>
                  <row>
                    <cell id="{24be01cc-16a6-8eea-8916-42d20a1097ae}" showlabel="true" locklevel="1" ordinalvalue="10000">
                      <labels>
                        <label description="Owner" languagecode="1033" solutionaction="Added" />
                      </labels>
                    </cell>
                  </row>
                </rows>
              </header>
              <Navigation>
                <NavBar>
                  <NavBarByRelationshipItem RelationshipName="contact_bookableresource_ContactId" Sequence="10000" Area="Info" Id="nav_contact_bookableresource_ContactId" Show="false" solutionaction="Removed" />
                  <NavBarByRelationshipItem Icon="$webresource:msdyn_/Icons/Sitemap/PurchaseOrder_32.png" RelationshipName="msdyn_contact_msdyn_purchaseorder_VendorSalesPerson" Sequence="10000" Client="Web" Area="Info" Id="nav_msdyn_contact_msdyn_purchaseorder_VendorSalesPerson" Show="false" solutionaction="Removed" />
                </NavBar>
              </Navigation>
            </form>
            <LocalizedNames>
              <LocalizedName description="Contact" languagecode="1033" />
            </LocalizedNames>
            <Descriptions>
              <Description description="Updated default Contact form." languagecode="1033" />
            </Descriptions>
          </systemform>
        </forms>
      </FormXml>
      <RibbonDiffXml>
        <CustomActions />
        <Templates>
          <RibbonTemplates Id="Mscrm.Templates"></RibbonTemplates>
        </Templates>
        <CommandDefinitions />
        <RuleDefinitions>
          <TabDisplayRules />
          <DisplayRules />
          <EnableRules />
        </RuleDefinitions>
        <LocLabels />
      </RibbonDiffXml>
    </Entity>
  </Entities>
  <Roles></Roles>
  <Workflows></Workflows>
  <FieldSecurityProfiles></FieldSecurityProfiles>
  <Templates />
  <EntityMaps />
  <EntityRelationships />
  <OrganizationSettings />
  <optionsets />
  <WebResources>
    <WebResource>
      <WebResourceId>{293ebdab-bf9e-ec11-b400-000d3a56b085}</WebResourceId>
      <Name>new_test_Contact.js</Name>
      <DisplayName>EngageRM/test_Contact.js</DisplayName>
      <WebResourceType>3</WebResourceType>
      <IntroducedVersion>1.0</IntroducedVersion>
      <IsEnabledForMobileClient>0</IsEnabledForMobileClient>
      <IsAvailableForMobileOffline>0</IsAvailableForMobileOffline>
      <DependencyXml>&lt;Dependencies&gt;&lt;Dependency componentType="WebResource"/&gt;&lt;/Dependencies&gt;</DependencyXml>
      <IsCustomizable>1</IsCustomizable>
      <CanBeDeleted>1</CanBeDeleted>
      <IsHidden>0</IsHidden>
      <FileName>/WebResources/new_test_Contactjs293EBDAB-BF9E-EC11-B400-000D3A56B085</FileName>
    </WebResource>
  </WebResources>
  <CustomControls />
  <SolutionPluginAssemblies>
    <PluginAssembly FullName="EngageRM.Plugins, Version=1.0.0.0, Culture=neutral, PublicKeyToken=231fa8fb1ac50cfa" PluginAssemblyId="1fa1d9d9-a1c8-458e-a526-b5b092185297" CustomizationLevel="1">
      <IsolationMode>2</IsolationMode>
      <SourceType>0</SourceType>
      <IntroducedVersion>1.0</IntroducedVersion>
      <FileName>/PluginAssemblies/EngageRMPlugins-1FA1D9D9-A1C8-458E-A526-B5B092185297/EngageRMPlugins.dll</FileName>
      <PluginTypes>
        <PluginType AssemblyQualifiedName="EngageRM.Plugins.ContactOperation, EngageRM.Plugins, Version=1.0.0.0, Culture=neutral, PublicKeyToken=231fa8fb1ac50cfa" PluginTypeId="b6345be5-e517-4074-985b-f9160a8883d1" Name="EngageRM.Plugins.ContactOperation">
          <FriendlyName>b7da1a80-4ba2-46c5-9011-866c7b396c28</FriendlyName>
        </PluginType>
        <PluginType AssemblyQualifiedName="EngageRM.Plugins.ContactUpdateOperation, EngageRM.Plugins, Version=1.0.0.0, Culture=neutral, PublicKeyToken=231fa8fb1ac50cfa" PluginTypeId="e346debb-0cca-4655-bc3d-44abbfc2c0fd" Name="EngageRM.Plugins.ContactUpdateOperation">
          <FriendlyName>bf7d5c45-905c-4cd9-8815-ba0cb5287a8a</FriendlyName>
        </PluginType>
      </PluginTypes>
    </PluginAssembly>
  </SolutionPluginAssemblies>
  <SdkMessageProcessingSteps>
    <SdkMessageProcessingStep Name="EngageRM.Plugins.ContactOperation: PreCreate of contact" SdkMessageProcessingStepId="{41f94979-b89e-ec11-b400-000d3a56b085}">
      <SdkMessageId>9ebdbb1b-ea3e-db11-86a7-000a3a5473e8</SdkMessageId>
      <PluginTypeName>EngageRM.Plugins.ContactOperation, EngageRM.Plugins, Version=1.0.0.0, Culture=neutral, PublicKeyToken=231fa8fb1ac50cfa</PluginTypeName>
      <PluginTypeId>b6345be5-e517-4074-985b-f9160a8883d1</PluginTypeId>
      <PrimaryEntity>contact</PrimaryEntity>
      <AsyncAutoDelete>0</AsyncAutoDelete>
      <Description>EngageRM.Plugins.ContactOperation: Create of contact</Description>
      <FilteringAttributes></FilteringAttributes>
      <InvocationSource>1</InvocationSource>
      <Mode>0</Mode>
      <Rank>1</Rank>
      <EventHandlerTypeCode>4602</EventHandlerTypeCode>
      <Stage>20</Stage>
      <IsCustomizable>1</IsCustomizable>
      <IsHidden>0</IsHidden>
      <SupportedDeployment>0</SupportedDeployment>
      <IntroducedVersion>1.0</IntroducedVersion>
      <SdkMessageProcessingStepImages />
    </SdkMessageProcessingStep>
    <SdkMessageProcessingStep Name="EngageRM.Plugins.ContactUpdateOperation: Update of contact" SdkMessageProcessingStepId="{c74facee-bb9e-ec11-b400-000d3a56b085}">
      <SdkMessageId>20bebb1b-ea3e-db11-86a7-000a3a5473e8</SdkMessageId>
      <PluginTypeName>EngageRM.Plugins.ContactUpdateOperation, EngageRM.Plugins, Version=1.0.0.0, Culture=neutral, PublicKeyToken=231fa8fb1ac50cfa</PluginTypeName>
      <PluginTypeId>e346debb-0cca-4655-bc3d-44abbfc2c0fd</PluginTypeId>
      <PrimaryEntity>contact</PrimaryEntity>
      <AsyncAutoDelete>0</AsyncAutoDelete>
      <Description>EngageRM.Plugins.ContactUpdateOperation: Update of contact</Description>
      <FilteringAttributes></FilteringAttributes>
      <InvocationSource>1</InvocationSource>
      <Mode>0</Mode>
      <Rank>1</Rank>
      <EventHandlerTypeCode>4602</EventHandlerTypeCode>
      <Stage>20</Stage>
      <IsCustomizable>1</IsCustomizable>
      <IsHidden>0</IsHidden>
      <SupportedDeployment>0</SupportedDeployment>
      <IntroducedVersion>1.0</IntroducedVersion>
      <SdkMessageProcessingStepImages>
        <SdkMessageProcessingStepImage Name="PreEntityImage">
          <SdkMessageProcessingStepImageId>{670dcc1f-589f-ec11-b400-000d3a56b085}</SdkMessageProcessingStepImageId>
          <Attributes>emailaddress1,firstname,lastname</Attributes>
          <EntityAlias>PreEntityImage</EntityAlias>
          <ImageType>0</ImageType>
          <MessagePropertyName>Target</MessagePropertyName>
          <IsCustomizable>1</IsCustomizable>
        </SdkMessageProcessingStepImage>
      </SdkMessageProcessingStepImages>
    </SdkMessageProcessingStep>
    <SdkMessageProcessingStep Name="contact update - webhook: Update of contact" SdkMessageProcessingStepId="{2f23595d-4f9f-ec11-b400-000d3a56b085}">
      <SdkMessageId>20bebb1b-ea3e-db11-86a7-000a3a5473e8</SdkMessageId>
      <PluginTypeName>Microsoft.Crm.ServiceBus.WebhookPlugin, Microsoft.Crm.ServiceBus, Version=9.0.0.0, Culture=neutral, PublicKeyToken=31bf3856ad364e35</PluginTypeName>
      <PluginTypeId>fe4f0cdb-b254-4fa1-84f6-d58d0759b8b3</PluginTypeId>
      <PrimaryEntity>contact</PrimaryEntity>
      <AsyncAutoDelete>0</AsyncAutoDelete>
      <Description>contact update - webhook: Update of contact</Description>
      <FilteringAttributes></FilteringAttributes>
      <InvocationSource>1</InvocationSource>
      <Mode>0</Mode>
      <Rank>1</Rank>
      <EventHandler>{89fed8e0-4e9f-ec11-b400-000d3a56b085}</EventHandler>
      <EventHandlerTypeCode>4618</EventHandlerTypeCode>
      <Stage>40</Stage>
      <IsCustomizable>1</IsCustomizable>
      <IsHidden>0</IsHidden>
      <SupportedDeployment>0</SupportedDeployment>
      <IntroducedVersion>1.0</IntroducedVersion>
      <SdkMessageProcessingStepImages />
    </SdkMessageProcessingStep>
  </SdkMessageProcessingSteps>
  <ServiceEndpoints>
    <ServiceEndpoint ServiceEndpointId="{89fed8e0-4e9f-ec11-b400-000d3a56b085}" Name="contact update - webhook">
      <ConnectionMode>1</ConnectionMode>
      <Contract>8</Contract>
      <Path> </Path>
      <SolutionNamespace> </SolutionNamespace>
      <UserClaim>1</UserClaim>
      <IsCustomizable>1</IsCustomizable>
      <AuthType>5</AuthType>
      <MessageFormat>2</MessageFormat>
      <NamespaceFormat>1</NamespaceFormat>
      <Url>https://eohmc2anptk3vvq.m.pipedream.net</Url>
      <UseKeyVaultConfiguration>0</UseKeyVaultConfiguration>
    </ServiceEndpoint>
  </ServiceEndpoints>
  <EntityDataProviders />
  <Languages>
    <Language>1033</Language>
  </Languages>
</ImportExportXml>